,0
modelA_EX_fe3_e,0.09683035714285716
modelB_EX_h_e,0.09361607142857144
modelB_EX_zn2_e,0.08825892857142857
modelA_EX_h_e,0.05200892857142857
 GRBSolo ,0.05075892857142857
modelA_EX_o2_e,0.048214285714285696
modelA_EX_co2_e,0.04745535714285714
modelA_EX_h2o_e,0.04611607142857142
modelB_EX_cobalt2_e,0.04352678571428571
modelB_EX_mn2_e,0.040535714285714286
modelB_EX_fe3_e,0.039776785714285716
modelB_EX_k_e,0.038794642857142854
modelA_EX_fe3pyovd_kt_e,0.03852678571428571
modelB_EX_ca2_e,0.038392857142857145
 GRASolo ,0.03781249999999999
 GRSpeciesBFull ,0.03741071428571428
modelB_EX_cl_e,0.035625000000000004
modelB_EX_mg2_e,0.03241071428571428
 Competition,0.02446428571428571
modelB_EX_h2o_e,0.019196428571428576
modelB_EX_nh4_e,0.01799107142857143
modelB_EX_fe3pyovd_kt_e,0.017142857142857147
modelA_EX_pyovd_kt_e,0.016651785714285716
modelB_EX_pyovd_kt_e,0.01638392857142857
modelB_EX_o2_e,0.015892857142857143
modelA_EX_cobalt2_e,0.015089285714285717
modelA_EX_nh4_e,0.014776785714285723
modelA_EX_zn2_e,0.013125000000000001
modelA_EX_ca2_e,0.012455357142857146
modelB_EX_co2_e,0.012098214285714292
modelA_EX_cl_e,0.010624999999999999
modelA_EX_mg2_e,0.01
modelA_EX_mn2_e,0.009419642857142859
modelA_EX_k_e,0.009062500000000005
