,modelA_EX_ca2_e,modelA_EX_cl_e,modelA_EX_co2_e,modelA_EX_cobalt2_e,modelA_EX_fe3_e,modelA_EX_fe3pyovd_kt_e,modelA_EX_h2o_e,modelA_EX_h_e,modelA_EX_k_e,modelA_EX_mg2_e,modelA_EX_mn2_e,modelA_EX_nh4_e,modelA_EX_o2_e,modelA_EX_pyovd_kt_e,modelA_EX_zn2_e,modelB_EX_ca2_e,modelB_EX_cl_e,modelB_EX_co2_e,modelB_EX_cobalt2_e,modelB_EX_fe3_e,modelB_EX_fe3pyovd_kt_e,modelB_EX_h2o_e,modelB_EX_h_e,modelB_EX_k_e,modelB_EX_mg2_e,modelB_EX_mn2_e,modelB_EX_nh4_e,modelB_EX_o2_e,modelB_EX_pyovd_kt_e,modelB_EX_zn2_e,label
SRR12328886,-0.1484027249585627,-0.1484027249585627,667.4622127446881,-0.0028511570597326,-333.4137974723538,333.17270964136947,-242.0415322129135,-129.0231132426095,-5.565258999585126,-0.2473378749309442,-0.0197014952826937,791.717315876057,-515.9113775568759,-333.17270964136947,-0.0097224455736674,-0.0716826520729227,-0.0716826520729227,331.2996838367588,-0.0013771883203427,166.66666666666666,-166.78591474743212,-136.97944042737257,-62.18962507522366,-2.688175198091756,-0.1194710867881667,-0.0095163712934436,202.07275245757717,-301.3244029234251,166.78591474743214,-0.0046962121723102,Covid
SRR12328890,-0.0898196019240913,-0.0898196019240913,13.352599853649735,-0.0017256407670629,-1000.0,1000.0,208.6937773137338,-932.8062145106844,-3.3683299823942434,-0.1496993365400385,-0.0119241777001661,906.4277495435908,-500.1815762356091,-1000.0,-0.0058844350155595,-0.2820026538510092,-0.2820026538510092,986.6474001463504,-0.0054179184216991,999.2131557076124,-1000.0,-125.16292876758187,463.024580408887,-10.5753975049264,-0.4700044230850153,-0.0374378162941866,93.57225045640917,-499.8184237643909,1000.0,-0.0184751018181259,Covid
SRR12328896,-0.1093761338894378,-0.1093761338894378,511.1585391278021,-0.0021013666453294,-312.38850627957714,342.22153034139353,-201.2471147003831,-269.55883139730275,-4.101720596019984,-0.1822935564824174,-0.0145204435192359,603.774975279422,-347.2605503725246,-342.22153034139353,-0.0071656602605685,-0.1407663294286262,-0.1407663294286262,475.47756134443694,-0.00270444436942,206.6218668065072,-111.19755122511822,123.45509883991092,-127.7800673614883,-5.278886098014011,-0.2346105490477188,-0.0186877105927326,311.93201453673294,-417.3712776339104,111.19755122511822,-0.0092221552997481,Covid
SRR12328907,-0.0492622079161719,-0.0492622079161719,5.881803516783975,-0.0009464401136938,-1000.0,999.8625485022926,0.0,0.0,-1.847384851064476,-0.0821036798603245,-0.0065399011854196,5.900845891870858,-41.45718573380532,-999.8625485022926,-0.0032273607876049,-0.0765053631803311,-0.0765053631803311,708.6675623110089,-0.0014698436730213,999.8852346060112,-1000.0,-1000.0,-1000.0,-2.8690319606629373,-0.1275089386338095,-0.0101566197805595,924.380335220189,-500.1284275909295,1000.0,-0.0050121669249847,Covid
SRR12328916,-0.1005048100560594,-0.1005048100560594,511.5710776991766,-0.0019309281470896,-111.11111111111111,111.03769817247267,661.5873270606812,183.5152680999032,-3.769036578150323,-0.1675080167600905,-0.0133427134963868,67.75976159937272,-481.47830989073645,-111.03769817247267,-0.0065844649815795,-0.0913004400584895,-0.0913004400584895,328.4994096236961,-0.001754091067394,-111.11111111111111,111.05154758944566,-215.72592948319905,42.61178538361388,-3.4238629772018814,-0.15216740009747,-0.0121207692757757,304.04432174272915,-443.6071841048213,-111.05154758944568,-0.005981450539846,Covid
SRR12328917,-0.1047695616718632,-0.1047695616718632,99.75347633083554,-0.002012863816958,-112.12371730256518,333.26514525026323,735.3443241565519,-245.15164557672597,-3.9289692702041066,-0.1746159361197593,-0.0139088889750761,665.4886837463199,-217.7659871696336,-333.26514525026323,-0.0068638656157418,-0.1980179832448433,-0.1980179832448433,900.2465236691645,-0.003804380081533,333.3333333333333,-333.3333333333333,-273.08682972686915,424.5211478850149,-7.4258836125857215,-0.3300299720747262,-0.0262882663635082,334.51131625368004,-454.95813021917706,333.3333333333333,-0.0129729360780856,Covid
SRR12328919,-0.1594317259287463,-0.1594317259287463,361.3623908851225,-0.0030630494895008,-761.9047619047619,761.9047619047619,476.2301770376672,88.35584230933472,-5.97885819004987,-0.2657195432145717,-0.0211656719724902,246.32359901594745,-402.6509521497159,-761.9047619047619,-0.0104449987592129,-0.1110661064718733,-0.1110661064718733,615.3365528699908,-0.0021338348985824,47.61904761904762,-47.61904761904762,-36.806581510299125,-439.2473798111615,-4.165096353614408,-0.1851101774531041,-0.0147447991493062,107.11600177378692,-227.8252485521611,47.61904761904762,-0.0072763770042241,Covid
SRR12328920,-0.0849710163085959,-0.0849710163085959,412.38107737712346,-0.0016324883056393,-666.6726680736455,666.6231869003283,90.25310800033326,259.83191333733623,-3.186502898429088,-0.1416183605143211,-0.0112804941919808,94.21490094602969,-416.6520589779605,-666.6231869003283,-0.005566785122235,-0.1117464718447793,-0.1117464718447793,582.0888139433032,-0.002146906279432,523.8095238095239,-523.8282940448698,120.67487805743085,125.34003171414872,-4.190610774024758,-0.1862441197413152,-0.0148351223909303,241.5780797982329,-363.9275757501463,523.8282940448698,-0.0073209504128722,Covid
SRR12328921,-0.1199899657324484,-0.1199899657324484,400.57449396696967,-0.0023052827230192,-0.043333204202933,0.0,122.14198265449409,318.31718352745315,-4.499750505516336,-0.1999832762207347,-0.0159295036159695,157.34676874718926,-442.04704270948247,0.0,-0.0078610140854872,-0.1543859387135929,-0.1543859387135929,599.4255060330303,-0.0029661083326573,-166.7531684593868,166.5596164310083,147.0159533275502,297.2142010339951,-5.789635837718056,-0.2573098978559945,-0.0204958085784975,269.8529948179574,-507.2819375003923,-166.55961643100824,-0.0101144294142917,Covid
SRR12328924,-0.1576357921937074,-0.1576357921937074,930.8195841230043,-0.0030285454792078,-500.0,499.84867643821207,-74.98446772273275,-15.88042784605425,-5.911508777265351,-0.2627263203228381,-0.0209272492614445,681.9086348628168,-507.7760651072844,-499.848676438212,-0.0103273400841658,-0.1088148437511336,-0.1088148437511336,69.18041587699557,-0.0020905829731304,200.0,-200.09498751605315,368.4121299472892,-104.30803367357028,-4.080671622731518,-0.1813580729185673,-0.014445928344287,301.2813033907507,-431.8936924021947,200.09498751605315,-0.0071288879383587,Covid
SRR12328925,-0.066173395434248,-0.066173395434248,10.486188402478092,-0.0012713428517372,-1000.0,1000.0,208.62226877272155,-17.08706829378059,-2.4815722526404898,-0.1102889923903376,-0.0087849791057124,8.422114547795786,-11.238216304454568,-1000.0,-0.0043352791244615,-0.0867636898642558,-0.0867636898642558,989.513811597522,-0.0016669296803684,1000.0,-1000.0,791.3777312272784,-982.9129317062194,-3.253730051039838,-0.1446061497737218,-0.0115184840914253,967.503036981088,-338.604783696914,1000.0,-0.0056842302101358,Covid
SRR12328930,-0.1122691180136826,-0.1122691180136826,603.488481185416,-0.0021569475122646,-800.053191383179,799.7975757219745,-303.7175438736021,43.18085800814621,-4.210210557626658,-0.1871151966894785,-0.0149045073098022,185.35124859168116,-301.41365990728065,-799.7975757219745,-0.0073551910168589,-0.0918324400662413,-0.0918324400662413,396.51151881458384,-0.0017643120089473,740.490660051453,-700.0083884476414,167.9301150822604,-206.89541124263232,-3.443813539644475,-0.1530540667770537,-0.0121913959818925,446.6015420657046,-350.9557440644633,700.0083884476414,-0.0060163039505482,Covid
SRR12328932,-0.0902082349217607,-0.0902082349217607,999.8878191309054,-0.0017331072991737,-1000.0,1000.0,-1000.0,-565.4636807920824,-3.382904130466045,-0.1503470582028967,-0.0119757714372781,997.2170811219748,-4.526165691435608,-1000.0,-0.0059098958901131,-0.0870974677264939,-0.0870974677264939,0.1121808690945727,-0.0016733423194636,999.8693454316984,-1000.0,105.44733960136364,984.7784750581272,-3.266247073570071,-0.1451624462107474,-0.0115627954272667,2.782918878025157,-501.2899795940504,1000.0,-0.0057060973092575,Covid
SRR12328937,-0.0882715663673252,-0.0882715663673252,9.05471136498602,-0.0016958994499418,-1000.0,999.867584170952,764.2659509107482,-28.21011770845371,-3.3102770132455817,-0.1471192772788754,-0.0117186651988276,19.751268299735106,-341.64784624144886,-999.8675841709518,-0.0057830171241448,-0.0424315903323986,-0.0424315903323986,990.945288635014,-0.0008152082676815,1000.0,-1000.0,235.7340490892518,-503.424467007244,-1.5912294739194977,-0.0707193172206643,-0.0056330891296738,18.375576273951765,-248.1978078227121,1000.0,-0.0027798601927315,Covid
SRR12328940,-0.1695393475677065,-0.1695393475677065,1000.0,-0.0032572401069804,333.3333333333333,-333.4979429969305,126.67270167942972,275.5647806011298,-6.357904681995251,-0.2825655792795108,-0.0225075291391476,-16.907367597896457,-166.64473691747423,333.4979429969305,-0.011107188764754,-0.092423241319769,-0.092423241319769,0.0,-0.0017756626574509,-666.6666666666666,666.4900867929306,67.84345601884804,724.4352193988702,-3.465969210937184,-0.1540387355328979,-0.0122698289629094,987.1188776931346,-442.0374338317724,-666.4900867929306,-0.0060550096618499,Covid
SRR12328950,-0.1718785785909252,-0.1718785785909252,609.4312813973734,-0.0033021821054793,66.61665477066163,-66.81172408392155,39.28096925483479,-148.44849180653782,-6.445628317175093,-0.2864642976515066,-0.0228180783489582,570.7947689159498,-395.2158074608103,66.81172408392156,-0.0112604409797313,-0.1560153584960971,-0.1560153584960971,390.5687186026268,-0.0029974132275735,-133.3852428533579,133.12844115992556,-10.442789689196497,162.6760160811494,-5.850740801331161,-0.2600255974934953,-0.0207121254026787,386.896120539772,-410.28265286082507,-133.12844115992556,-0.0102211791060881,Covid
SRR12328953,-0.1023502383101014,-0.1023502383101014,506.8852866997339,-0.0019663830607247,-285.7224952835717,333.74736956930246,216.71401320096865,361.5424280762586,-3.838242087697137,-0.1705837305168448,-0.0135877069495358,227.46973296782883,-341.1781970393485,-333.74736956930246,-0.0067053662370264,-0.0913597157539026,-0.0913597157539026,478.1976906629175,-0.0017552298896167,246.60572663204871,-190.51004204083176,63.55680497288501,-175.64004439174954,-3.4260858784148294,-0.152266192923153,-0.012128638537168,410.2882442962808,-291.83000228099127,190.51004204083176,-0.00598533392355,Covid
SRR12328954,-0.1804333953029981,-0.1804333953029981,654.0133362035735,-0.0034665397752557,-1000.0,999.7293325743466,54.03711585275581,-190.9136615522326,-6.766442983551542,-0.3007223255050348,-0.0239537898471174,971.1021377670752,-378.2547659262081,-999.7293325743466,-0.0118209006336655,-0.129904400217697,-0.129904400217697,345.98666379642646,-0.0024957617717215,333.1508887963769,-0.0402150700443447,-115.0661109448978,621.0442033860929,-4.871552275060897,-0.2165073336961616,-0.0172457138425367,-33.87520705665793,-621.745234073792,0.0402150700443447,-0.0085105476415492,Covid
SRR12328955,-0.031397825948602,-0.031397825948602,341.47213223632843,-0.0006032243218214,-1000.0,1000.0,-1000.0,922.5898413630676,-1.1774516504090116,-0.052329709914261,-0.0041682800634816,682.8352980311706,-0.031397825948602,-1000.0,-0.0020569949372202,-0.1454282453747737,-0.1454282453747737,658.5278677636716,-0.0027940104779418,999.5942258582944,-1000.0,0.0,-18.709015471231623,-5.4537128721297,-0.2423804089579562,-0.0193066124022607,317.1647019688294,-352.309956719625,1000.0,-0.0095275757296349,Covid
SRR12328956,-0.1747886334630569,-0.1747886334630569,565.7079221735257,-0.0033580909406699,-833.3333333333334,833.17043535284,-333.77764076141045,-156.28430639183009,-6.55475844986546,-0.2913143891050443,-0.0232044084001662,661.3372975043177,-283.7525034700814,-833.1704353528402,-0.0114510901077551,-0.112790941266193,-0.112790941266193,434.2920778264743,-0.0021669729349961,666.5034517048771,-499.9445637837744,493.7921655768103,-155.94455667746604,-4.229779480993936,-0.1879849021103344,-0.0149737829808032,255.8574735048232,-468.94658350053913,499.9445637837744,-0.0073893777083071,Covid
SRR12328957,-0.0541439371650691,-0.0541439371650691,332.5129599821428,-0.0010402293403482,-266.67597712359367,266.6231561460798,208.5718150702585,-171.9897384759523,-2.0304548563044214,-0.0902398952751506,-0.0071879847417828,76.80521593418347,-138.94834798748278,-266.6231561460798,-0.003547182050579,-0.0778614816406464,-0.0778614816406464,666.4769569962544,-0.0014958978221026,-0.3464574142563681,-0.077059777693383,-333.0658872594798,-217.11887173709877,-2.919887835904956,-0.1297691360677542,-0.0103366539507533,286.67356091137674,-238.3483040080898,0.0770597776933527,-0.0051010115733712,Covid
SRR12328958,-0.102729505089387,-0.102729505089387,475.7235936443377,-0.0019736696463041,-274.1923784707062,500.2183936698417,47.33594360855684,-135.4659024071699,-3.8524649926822985,-0.1712158418156346,-0.0136380572558607,512.8507248632145,-258.9512210953382,-500.2183936698417,-0.0067302134938434,-0.1041756897045521,-0.1041756897045489,435.0516525216141,-0.0020014541730025,324.85157703059133,-224.85749277336743,144.56585768148557,368.7998047370956,-3.906698443899681,-0.1736261495075679,-0.0138300483354088,376.6628344988965,-433.3545838112139,224.85749277336743,-0.0068249587299173,Covid
SRR12672291,-0.1602013424916701,-0.1602013424916701,944.293395634124,-0.0030778355906401,-1000.0,999.7596825970846,362.71270655743257,-481.1937694477174,-6.007719624395084,-0.2670022374860916,-0.0212678439311654,467.7726424315631,-325.16403619801747,-994.7245813908004,-0.0104954193639817,-0.0752290757618538,-0.0752290757618538,55.706604365876125,-0.0014453232615399,0.0,-0.1128508402590569,346.5754177371262,-41.26256174880469,-2.821169833848406,-0.1253817929363852,-0.0099871837370528,284.62329023136243,-499.9749207253937,0.1128508402590569,-0.0049285523217956,Covid
SRR12672292,-0.1103986711720684,-0.1103986711720684,788.9843323192462,-0.0021210119341503,-758.1971556351924,833.3050921894928,-260.96020269236504,-37.99616831873016,-4.1400668246088985,-0.1839977852867681,-0.0146561924649025,500.0876041129554,-329.4924295922169,-833.3050921894928,-0.0072326506954141,-0.0957687624722325,-0.0957687624722325,133.6667788041403,-0.0018399377996729,666.5382708554657,-666.6666666666666,-156.90472576089564,844.332039981204,-3.591429789287114,-0.1596146041203686,-0.012713970195648,204.6676260837972,-478.4408615439666,666.6666666666666,-0.0062741878968116,Covid
SRR12672293,-0.1883065747090313,-0.1883065747090313,718.7770587587743,-0.0036178016274561,333.3333333333333,-333.3333333333333,-10.304521792576187,346.8486261275082,-7.06169553067726,-0.3138442911817189,-0.0249990092456755,83.41011515700181,-284.6135847965806,333.3333333333333,-0.0123367035495978,-0.1401743981031131,-0.1401743981031131,281.2229412412257,-0.0026930720096819,-666.6666666666666,666.5007425201185,-323.02881154075715,-255.9218268761977,-5.256688047826249,-0.2336239968385219,-0.0186091275867662,362.930698079828,-548.9376382508368,-666.5007425201185,-0.0091833755529175,Covid
SRR13077653,-0.1332800602749273,-0.1332800602749273,598.5064035425845,-0.0025606159514909,-607.1506229201508,607.0230266829503,17.821524417534942,170.08354385740265,-4.998143094186901,-0.2221334337915306,-0.0176938562247731,174.7917521076606,-416.1346954185421,-607.0230266829503,-0.008731700394577,-0.0998657987010257,-0.0998657987010257,379.0454467271564,-0.0019186512718688,249.9505430827033,-250.02462373788052,48.79685446189018,308.29129062418366,-3.745072977108618,-0.1664429978350564,-0.0132578802886525,263.20442801197913,-301.7339702003696,250.02462373788052,-0.0065426008370772,Covid
SRR13077659,-0.1132389530330856,-0.1132389530330856,578.3287644574265,-0.0021755802696158,-144.41024679301455,285.6531627291924,-170.5134224545215,12.093360690532458,-4.246580395655542,-0.188731588388472,-0.0150332596629953,509.8890129383414,-242.04745383524488,-285.6531627291924,-0.0074187287193621,-0.1219369799103365,-0.1219369799103365,391.1786240696918,-0.0023426893354537,-131.28551553805823,333.2208028335987,-89.59647856496086,-427.5684318272033,-4.572765594551178,-0.2032282998505528,-0.0161879833079906,303.39216918334574,-402.5748391008596,-333.2208028335987,-0.0079885706339065,Covid
SRR13077684,-0.1409374203555454,-0.1409374203555454,529.8961483151443,-0.0027077314189279,-424.3005218469312,454.3418815247968,-98.25161336698218,353.24539040804257,-5.285302188560954,-0.2348957005925809,-0.01871042410484,346.1074397640327,-467.3127470039872,-454.3418815247968,-0.0092333641385724,-0.1204089701731887,-0.1204089701731887,442.26773631064407,-0.0023133327602918,349.95893162784853,-259.69885525468715,104.1691519111559,24.9855898768902,-4.515463614796428,-0.2006816169553127,-0.0159851293736168,338.13466014483697,-327.98114606405335,259.69885525468715,-0.0078884647126005,Covid
SRR13077699,-0.1130491510751653,-0.1130491510751653,294.3566525219532,-0.0021719337382406,-328.5559781099623,418.0416531147939,-16.372544135825017,26.337361463051824,-4.239462621674526,-0.1884152517919615,-0.015008062131212,153.25110613185507,-322.36883361589946,-418.0416531147939,-0.0074062940473967,-0.1501374461003727,-0.1501374461003727,705.6433474780467,-0.0028844850355529,120.54682162579896,-68.31115061304995,-51.65879184493874,-205.26205464037372,-5.630312875441345,-0.2502290768339745,-0.019931791595654,250.2319157962292,-413.3887290339942,68.31115061304995,-0.0098360939712392,Covid
SRR13077718,-0.1199478730119597,-0.1199478730119597,484.76145813457833,-0.0023044740251872,-128.4535356591929,166.64318639980618,-79.4607355612954,10.692634090718176,-4.498171984019699,-0.1999131216866068,-0.0159239155141492,509.77287541123553,-483.6970912554395,-166.64318639980615,-0.0078582564259531,-0.1106529783031809,-0.1106529783031809,336.7214268676974,-0.0021258977579702,-27.836439065194835,214.80021705371897,70.53290285055046,31.160692754302858,-4.149603610746112,-0.1844216305053177,-0.0146899535076922,380.1723515599163,-406.4591511325524,-214.80021705371897,-0.0072493113547287,Covid
SRR13077721,-0.1205227739145836,-0.120522773914584,395.0494862367128,-0.0023155191914443,-109.92386596202704,191.4145729630793,186.22493632916297,102.24422851957372,-4.519731375352344,-0.2008712898576398,-0.016000237612869,392.3062294243054,-444.58612497664615,-191.41457296307928,-0.0078959204428142,-0.1090076095565043,-0.1090076095565043,577.8211577190906,-0.0020942864468111,-61.20893223777264,104.45511614213774,109.20257076436648,55.86595748586649,-4.087900544123314,-0.1816793492608392,-0.01447151934746,483.8210027169181,-308.69398900405565,-104.45511614213773,-0.007141516783623,Covid
SRR13077726,-0.0870869128219283,-0.0870869128219283,458.0343332151949,-0.0016731395354832,-504.5833290636462,703.6736527817709,-55.15602879580824,-259.76612671240224,-3.2658512534965616,-0.1451448547032037,-0.0115613941901907,208.56515824089297,-244.28422783081595,-703.6736527817709,-0.0057054058160019,-0.1347250096044389,-0.1347250096044389,532.9093017379614,-0.0025883767455196,377.710294362233,-349.52578996592115,-17.890331458412614,233.7117437196971,-5.052330220887352,-0.2245416826740615,-0.0178856833115509,210.39523510352493,-431.8730649090895,349.52578996592115,-0.0088263647022409,Covid
SRR13077727,-0.0606818052331277,-0.0606818052331277,372.6065467823274,-0.0011658367960194,0.0,0.0,-87.82191392149771,315.0487541633088,-2.2756318172662646,-0.1011363420552243,-0.0080559322605381,28.46030375545212,-236.54142862942385,0.0,-0.003975503474453,-0.0386142235563511,-0.0386142235563511,627.3934532176726,-0.0007418678877229,-300.0,299.97109783388225,-468.0038930811012,-672.3313399029915,-1.448074186096585,-0.0643570392605738,-0.0051263071042058,627.885760568025,-28.3703270087442,-299.9710978338823,-0.0025297694971868,Covid
SRR13077738,-0.090871680434437,-0.090871680434437,571.6461130240087,-0.0017458536106447,-621.8817402336318,638.7804437420851,-206.90436273937829,-85.06582654692615,-3.40778403823989,-0.1514528007240617,-0.0120638484496061,253.90854117654212,-309.31899325283007,-638.7804437420851,-0.0059533608123274,-0.0929880006029829,-0.0929880006029829,391.9202767962767,-0.0017865129798908,361.076914580388,-337.39718176621005,-78.88133330402309,-160.91616999967755,-3.487148280826103,-0.1549800010049841,-0.0123448046909996,514.753256501269,-355.5198930931824,337.39718176621005,-0.0060920092614115,Covid
SRR13077741,-0.0999262280343202,-0.0999262280343202,477.1683510165011,-0.0019198122580929,-722.2457027692137,722.1037815383612,336.8680537103876,-327.6326620807031,-3.7473391409611705,-0.1665437133905274,-0.0132659027034978,479.940628109092,-308.5362870136912,-722.1037815383612,-0.0065465598001424,-0.1459387752829444,-0.1459387752829444,483.9531063134396,-0.0028038189295469,555.4862756744806,-522.3323587442796,261.7284105506681,147.7347263991567,-5.472858283151952,-0.2432312921382523,-0.0193743888031608,395.1827184210492,-488.1284006515692,522.3323587442796,-0.0095610225497593,Covid
SRR13077751,-0.1314394984495112,-0.1314394984495108,578.3285053629426,-0.0025252545331343,-761.3920443205667,793.9799712096246,78.31325299943101,191.75540071299173,-4.929120080856058,-0.2190658307491851,-0.0174495088239391,487.287029511165,-422.0555513232484,-793.9799712096246,-0.0086111179579796,-0.0917133717186154,-0.0917133717186154,413.1907679908854,-0.0017620244326352,624.4530881837295,-590.7951353829241,232.63441130888987,178.82802583721232,-3.439348350791793,-0.1528556195310192,-0.0121755888295031,204.9404800211412,-433.2849926100356,590.7951353829241,-0.0060085033152836,Covid
SRR13077775,-0.1429989283787108,-0.1429989283787108,621.6205045084249,-0.0027473377210374,-933.3333333333334,933.2428768916524,-35.255531012506346,445.6526589254516,-5.362610917776632,-0.2383315472978741,-0.0189841036522011,463.6980971678744,-289.6199195230332,-933.2428768916524,-0.0093684216286419,-0.0939175288569534,-0.0939175288569534,305.1632979724171,-0.0018043713517348,466.6666666666667,-466.6666666666667,-213.97990926523417,-10.369049693182266,-3.5220065725603944,-0.1565292147615916,-0.0124682060403756,318.13207101875446,-236.92257207309075,466.6666666666667,-0.006152906309353,Covid
SRR13077782,-0.0990365133659086,-0.0990365133659086,460.1223561890016,-0.0019027187966409,-695.3891143153703,749.987120315726,424.5234142881535,-228.53071217128263,-3.71397390075558,-0.1650608556098518,-0.0131477868848841,283.1091285743991,-287.3399868386189,-749.987120315726,-0.0064882710966043,-0.0947691577634129,-0.0947691577634129,501.5443015148389,-0.0018207330982298,567.0609420137486,-317.1867918632847,-291.4923150103036,-376.0637518534412,-3.5539435564482296,-0.1579485962723441,-0.0125812657088439,317.9303219246421,-264.8205539301,317.1867918632847,-0.0062086998650028,Covid
SRR13077784,-0.0965388480551493,-0.0965388480551493,451.3117090267669,-0.001854732911729,-444.83165026118456,516.4154541327506,48.33528654468006,61.601555661923214,-3.620308812378104,-0.1608980800919054,-0.0128162044199969,359.845001112882,-358.4156827021247,-516.4154541327506,-0.0063246392289759,-0.1182461928912287,-0.1182461928912287,506.2276000463759,-0.0022717808432404,333.6560247229803,-282.6253625166893,255.98046037034263,87.37028884437176,-4.434357181367429,-0.1970769881520448,-0.015698005626851,347.47772757782104,-350.81225029680485,282.6253625166893,-0.0077467726754872,Covid
SRR13077826,-0.1182486035117411,-0.1182486035117411,623.5540640892,-0.0022718271568161,-499.5000515481232,533.2713053470001,-179.15044691339196,-39.79917025849459,-4.434447582183899,-0.1970810058528968,-0.015698325653534,614.6108303427129,-428.1388957418197,-533.2713053470001,-0.0077469306047078,-0.1137310919210752,-0.1137310919210752,376.4459359108,-0.0021850353875379,333.24783495821174,-333.4220185024716,110.34512994325117,383.3433414217932,-4.265036123986692,-0.1895518198684461,-0.0150985945278686,349.66309203236136,-515.1274191803614,333.42201850247164,-0.0074509706714934,Covid
SRR13077828,-0.1029561969471012,-0.1029561969471012,536.3059638390013,-0.0019780249173381,-544.4931959455072,651.381917658501,88.43600017747761,122.8853755650714,-3.86096617688682,-0.1715936615785077,-0.013668152178754,372.5485280902594,-285.01185619490525,-651.381917658501,-0.0067450649680894,-0.108039752917915,-0.108039752917915,461.40846467419294,-0.0020756916987162,223.6876903620604,-181.85935026645024,131.04069063315663,43.809082970374014,-4.051604897465104,-0.1800662548631859,-0.0143430296380932,360.5671037545194,-315.0050669524753,181.85935026645024,-0.0070781086926034,Covid
SRR13077863,-0.092549708483404,-0.092549708483404,471.6433020252052,-0.0017780923819993,-636.3636363636364,636.2601138411497,-49.66810287062543,-265.53365679782115,-3.470711863208736,-0.1542495141390046,-0.0122866183596587,411.2186118800857,-360.4671734614653,-636.2601138411497,-0.0060632950226363,-0.1208953426271245,-0.1208953426271245,494.8349216616936,-0.002322677091782,480.25174426437815,-472.80760461276645,252.5499160428403,128.25327474884622,-4.533703095757192,-0.2014922377118612,-0.0160496987041917,426.2903200102249,-420.5200342708006,472.80760461276645,-0.0079203288829701,Covid
SRR13077872,-0.1170953305861137,-0.1170953305861137,459.063486641055,-0.0022496701361471,-381.2625546683796,540.3952702567111,197.55678646812416,-33.93307117753831,-4.391198628837062,-0.1951588843101968,-0.0155452206407278,350.0772971613583,-365.15109300403486,-540.3952702567111,-0.0076713751642296,-0.1047291490644893,-0.1047291490644893,404.912939138497,-0.0020120873979775,384.5736652443569,-354.41582938023225,177.26839495898207,-91.30301045655332,-3.927453754725064,-0.1745485817741449,-0.0139035239199861,406.3130940468496,-371.99815241735024,354.41582938023225,-0.0068612180270916,Covid
SRR13077897,-0.1065314997592679,-0.1065314997592679,454.01208791095286,-0.0020467146927842,-423.4828461246596,627.6225732295061,69.91233201468063,-92.30230758387596,-3.9950438102807135,-0.1775524995987837,-0.0141427985271235,315.35731214892013,-353.4902200377137,-627.6225732295061,-0.0069792971023908,-0.1151270339005719,-0.1151270339005719,489.8262293944237,-0.00221185463786,472.487874275576,-398.4711006519904,-30.158831326466828,-219.8942666480777,-4.317385423276631,-0.1918783898342887,-0.0152839155476094,342.3799068324239,-319.3852829108933,398.4711006519904,-0.0075424243151083,Covid
SRR13077909,-0.0967563083238704,-0.0967563083238704,562.6136393586187,-0.0018589108227578,-511.6240745488649,611.2041604180804,80.28196162538016,-114.80021887821876,-3.628463802240387,-0.1612605138731176,-0.0128450737851681,372.8712136657853,-375.0462980872505,-611.2041604180804,-0.0063388859055639,-0.1212734285777626,-0.1212734285777626,370.0136067358765,-0.0023299409909279,396.503248338884,-336.8434886508793,112.0158658460472,81.09057523229403,-4.547881718420578,-0.2021223809629414,-0.0160998922473031,351.7427314667603,-387.09872663803134,336.8434886508793,-0.0079450987790598,Covid
SRR13077916,-0.126539177826353,-0.126539177826353,352.707975181469,-0.0024311081234681,-210.99009611302205,392.7636495167721,-105.10667660058483,-14.233546755595937,-4.745352879435432,-0.2108986297106128,-0.0167989571331515,418.429509148406,-370.9428943650329,-392.763649516772,-0.0082900787010251,-0.1351956837249263,-0.1351956837249263,647.2920248185311,-0.0025974194759734,-170.03521291057726,211.62296107905672,276.92175790626817,57.12622769067324,-5.069980997755754,-0.2253261395415344,-0.0179481685790351,334.3100793551684,-273.51060915461096,-211.62296107905672,-0.0088572004131078,Covid
SRR13077917,-0.137822975858429,-0.137822975858429,400.63453789345607,-0.002647895789794,-338.1224760208059,346.0818058325762,19.918029743613506,60.89354780659509,-5.168507228959683,-0.22970495976406,-0.0182969599074322,335.14869048851654,-425.5947961007648,-346.0818058325762,-0.0090293246431816,-0.1334166760022456,-0.1334166760022456,517.2772633388819,-0.0025632406532692,166.69879925647766,-162.1266591258362,278.99431813945495,-156.11529976646884,-5.003266328320485,-0.2223611266704254,-0.0177119929140405,350.8986955988176,-344.37591238760245,162.1266591258362,-0.00874065062762,Covid
SRR13077918,-0.0868658965658986,-0.0868658965658963,465.3446417802144,-0.0016688933057816,-823.2980386238287,837.5603966163219,-232.60093907818623,60.66649203664773,-3.2575629103528336,-0.1447764942764962,-0.0115320527429433,227.41893617053924,-271.55161367586766,-837.5603966163219,-0.0056909261727051,-0.1074436958432396,-0.1074436958432396,496.8359804360389,-0.0020642400738338,588.9241643096793,-449.0318693532983,-71.38931463834071,-280.4846978211653,-4.029252127325431,-0.1790728264053847,-0.0142638989102207,294.4630996295763,-333.82475081249504,449.0318693532983,-0.0070390586517802,Covid
SRR13077919,-0.0761046876670055,-0.0761046876670055,717.3446814742973,-0.0014621457765088,-61.86771363121567,173.48729770025062,246.73603833596388,-492.8322406386261,-2.8540062055305198,-0.1268411461116784,-0.0101034273156377,361.4249434877827,-297.3665972575499,-173.48729770025062,-0.0049859170978682,-0.0736112236288742,-0.0736112236288742,199.4470175194937,-0.0014142406076719,17.306132528452174,37.07204546408628,128.76039759104816,4.487370818158494,-2.7604986693165,-0.1226853727148181,-0.0097724025989615,48.028320348386366,-422.4402239389094,-37.07204546408626,-0.0048225604721286,Covid
SRR13077922,-0.0938598943521133,-0.0938598943521133,408.10963272100287,-0.0018032640605517,-29.365853277031924,235.61845967928863,373.93735576241687,14.674963036104232,-3.5198452177278265,-0.1564331572535222,-0.0124605546584709,417.16738521739296,-280.50607198587016,-235.61845967928863,-0.0061491304465003,-0.0962827568579165,-0.0962827568579165,486.05824169382703,-0.0018498128118662,65.1945316960958,-52.34927017923384,5.919036788980545,-43.79277015677872,-3.610705121876339,-0.1604712614298552,-0.0127822065300323,382.2513391917202,-312.14121784444507,52.34927017923384,-0.0063078616884818,Covid
SRR12328893,-0.1011661339692797,-0.1011661339692797,478.5733767190162,-0.0019436336977809,-172.93022118065142,326.3287221908302,101.71271465230024,-82.74063571375714,-3.793836923701507,-0.1686102232821398,-0.0134305088516371,445.13866992117937,-457.9054101719624,-326.3287221908302,-0.0066277909094071,-0.0929359295730065,-0.0929359295730065,482.5838108791737,-0.0017855125758526,30.77003833270205,40.52234894774197,-236.0262177013651,-48.72508600182928,-3.485195562179284,-0.15489321595501,-0.0123378918991271,398.26404871464496,-382.25174143022144,-40.52234894774197,-0.006088597883655,Healthy
SRR12328894,-0.1178617494145565,-0.1178617494145565,503.3206711083867,-0.0022643948014326,-579.832695829812,682.5306469223827,-74.54253285229463,-200.2800572670042,-4.4199401447602416,-0.1964362490242696,-0.015646968077902,420.9123749855768,-446.20211210096,-682.5306469223827,-0.0077215862728867,-0.0991388764361256,-0.0991388764361263,338.2589644087984,-0.0019046854262505,514.0128997475541,-453.1165799888099,5.8156854454118685,-9.949260968826318,-3.7178126240535296,-0.1652314607268865,-0.0131613762953596,309.2168744909119,-330.2712737013758,453.1165799888099,-0.006494977303509,Healthy
SRR12328895,-0.1022641804045558,-0.1022641804045558,565.9071648704453,-0.001964729690766,-381.99698243443686,807.0265123501767,-44.597528774936286,-381.32092437207433,-3.8350148253042056,-0.1704403006742691,-0.013576282163222,400.67061411937743,-285.5091940414077,-807.0265123501767,-0.0066997282455297,-0.0996204944974389,-0.0996204944974389,288.7467244230211,-0.0019139384149392,749.8809692033099,-468.2708381728735,-136.674911327286,-119.468447197825,-3.735873810266816,-0.1660341574957379,-0.0132253144472069,383.0642540097099,-363.04379948336026,468.2708381728735,-0.0065265299949272,Healthy
SRR12328897,-0.1231542706798439,-0.1231542706798419,502.805589887974,-0.0023660762858753,-52.67638973240295,197.34142506771764,-175.79924175440948,-30.023661602818795,-4.618415284689981,-0.2052571177997399,-0.016349587135404,240.76087917507127,-446.7294258785167,-197.34142506771764,-0.0080683201348351,-0.1000977472853574,-0.1000977472853574,468.1910045589796,-0.0019231075367088,-65.60590550343157,90.83989020431456,-95.64236761473693,-280.17046270060774,-3.753771294115534,-0.1668295788089381,-0.0132886730786181,481.26439663723016,-319.22785116646503,-90.83989020431456,-0.006557796700159,Healthy
SRR12328898,-0.140527935665382,-0.140527935665382,651.51701746957,-0.0026998642779148,-456.0580664271676,515.6530886075391,-77.34676767758062,-118.1523351385766,-5.269946079986839,-0.2342132261089617,-0.01865606216038,360.7985891825565,-382.109985764075,-515.6530886075391,-0.0092065371876819,-0.0977870075103382,-0.0977870075103382,321.8863319557751,-0.0018787129204698,357.5573981699796,-219.9139785671725,-147.93914416295365,45.307387901961285,-3.667116110848011,-0.1629783458505568,-0.0129819062804344,127.72313804296093,-317.7341835264023,219.9139785671725,-0.0064064110587946,Healthy
SRR12328899,-0.1532172958367709,-0.1532172958367709,381.3930745534459,-0.0029436560199352,-400.0,465.5123559671123,160.4537261009715,233.19348228518209,-5.745810494960506,-0.2553621597279744,-0.0203406630976587,384.5323896808797,-335.7672789852189,-465.5123559671123,-0.0100378670279193,-0.1368316413544789,-0.1368316413544789,495.9421008626705,-0.002628849977979,266.62995441246466,-123.07874531580887,712.6383783302772,-458.7671719277867,-5.131331137542058,-0.2280527355908058,-0.0181653533479296,352.70055404141215,-528.5732971450828,123.07874531580887,-0.0089643784249498,Healthy
SRR12328902,-0.113812416070363,-0.113812416070363,493.52007132147713,-0.0021865978111507,-452.1953361136871,611.781447816893,-7.527975752760993,-46.31617931125225,-4.268085865518503,-0.1896873601172833,-0.0151093908750448,470.75824166006817,-365.61836451391537,-611.781447816893,-0.0074562985360266,-0.1226422731708549,-0.1226422731708549,451.7569275733038,-0.0023562396382463,612.3831717772443,-478.198297059774,112.25349718974924,-18.319049141390657,-4.599214837087247,-0.2044037886181047,-0.016281615900288,331.626046227019,-319.9919593421226,478.198297059774,-0.0080347771664165,Healthy
SRR12328903,-0.1467790312308794,-0.1467790312308781,484.24346491692233,-0.0028199621754266,-292.2938097191538,461.42331954991226,184.4692218502786,118.37476856547016,-5.504368769077412,-0.244631718718124,-0.0194859386321855,322.4882363369808,-380.6120376554255,-461.42331954991226,-0.0096160710181978,-0.1095424209287829,-0.1095424209287829,435.7788677216901,-0.0021045614011265,163.74183449153614,-111.53799276282966,-13.265575073706591,-103.89993483502654,-4.107956535706248,-0.1825707015479619,-0.014542519281793,485.8380756863677,-276.5397912683318,111.5379927628297,-0.0071765543778524,Healthy
SRR12328904,-0.1229245722527325,-0.1229245722527325,715.7402979533811,-0.0023616632517277,-454.10992441799857,508.98889798262894,394.9195454172364,-156.8608929550238,-4.60980135095654,-0.204874287087891,-0.0163190930694761,435.9691407979417,-335.2792287627411,-508.98889798262894,-0.0080532716884115,-0.100908139911522,-0.100908139911522,253.59055225091103,-0.0019386770396088,252.38429357651515,-131.47196128048273,68.02757832988758,-66.01178779187057,-3.784161873919282,-0.16818023318587,-0.0133962583436724,201.94944442051795,-449.4918403395334,131.47196128048273,-0.0066108887050487,Healthy
SRR12328905,-0.0902372845307581,-0.0902372845307581,55.28902857762978,-0.0017336654088921,-1000.0,999.8646354048768,364.606588715968,-15.169081122254852,-3.383993521500429,-0.1503954742179303,-0.0119796279751653,0.0,-399.2368744173321,-999.8646354048768,-0.0059117990441563,-0.0452054158849932,-0.0452054158849932,503.9039805353211,-0.0008684998248327,1000.0,-1000.0,-558.8459742570915,-249.77551233651505,-1.695250863178103,-0.07534235980836,-0.0060013337898681,1000.0,-0.0169531165817033,1000.0,-0.0029615844028967,Healthy
SRR12328906,-0.1049155039841937,-0.1049155039841937,318.161677018009,-0.0020156677038279,-550.8082964668915,612.6678316338347,-79.0841517585482,-1.7409055274373832,-3.9344422611309535,-0.1748591733069834,-0.0139282638334463,188.9689886305064,-304.5674760724252,-612.6678316338347,-0.0068734268700491,-0.1121118485041072,-0.1121118485041072,646.8641179459089,-0.0021539260039161,407.58071467939527,-358.4535808485012,13.651587198051503,-194.20459162533896,-4.20431278483432,-0.1868530808401819,-0.0148836286870991,298.40725696418474,-292.92920747159553,358.4535808485012,-0.0073448876733669,Healthy
SRR13077663,-0.0911619898527051,-0.0911619898527051,447.60258088335314,-0.0017514311210872,-382.50375827246216,485.56659549499386,-113.13373760893704,-117.00433186271056,-3.418670948188232,-0.1519366497545174,-0.0121023890467244,349.1272167414924,-354.2018256008516,-485.56659549499386,-0.005972380122916,-0.0991762361595281,-0.0991762361595288,480.1070304953765,-0.0019054031923009,353.60985819039416,-239.33604466003996,-40.51257817459264,-37.04084162612411,-3.719213653158025,-0.1652937269325422,-0.0131663360588301,349.54481307478176,-302.7874816154213,239.33604466003996,-0.0064974248857669,Healthy
SRR13077664,-0.1025241188654027,-0.1025241188654027,408.0075260523977,-0.0019697237053854,-280.5883432617076,280.5206503102851,-121.31620465969766,29.207796717206627,-3.844762792256753,-0.1708735314423483,-0.0136107908042242,369.0741953098099,-259.33349634874907,-280.5206503102851,-0.0067167578353645,-0.1027550258688963,-0.1027550258688963,550.2013688845215,-0.001974159959056,57.533769896629295,-57.61375419476666,42.80938169152213,-25.13058170593488,-3.853422048881421,-0.1712583764481575,-0.0136414453170787,423.9477193486044,-365.0965496568952,57.61375419476668,-0.0067318854603792,Healthy
SRR13077668,-0.1122724628643451,-0.1122724628643451,592.1629956717321,-0.0021570117745301,-313.36825697791096,380.4468092407169,40.573026757675095,-257.15751071285183,-4.210335993060648,-0.1871207714405803,-0.0149049513620088,308.21786721774816,-228.3817284021625,-380.4468092407169,-0.0073554101511546,-0.073995316379668,-0.0739953163796694,395.8631409915226,-0.0014216199112376,122.9496548916373,-37.05288071805428,77.58436495153292,-170.82004366232354,-2.774902553332915,-0.1233255272994528,-0.0098233935866195,354.9093056950689,-296.1387033965248,37.05288071805428,-0.0048477238972955,Healthy
SRR13077670,-0.0975361510914023,-0.0975361510914023,377.5689605427935,-0.001873893392729,-425.8030542179707,633.8377575683594,-119.92189553826198,24.02364659298428,-3.657708730064453,-0.1625602518190197,-0.0129486033437367,371.76666708201975,-400.6111896664103,-633.8377575683594,-0.0063899764691954,-0.1110743123218133,-0.1110743123218133,521.329590419419,-0.0021339925518036,454.4404890342253,-418.2227149320232,280.229470848075,56.90164534022679,-4.165404081658114,-0.185123853869682,-0.014745888533021,240.4806193866082,-405.5332068922144,418.2227149320232,-0.0072769146016732,Healthy
SRR13077676,-0.1313775111951069,-0.1313775111951069,319.38309525875155,-0.0025240636156998,-415.8606643650364,999.9437451833356,423.90354580934377,-376.012016426261,-4.926795493316263,-0.218962518658562,-0.0174412795842423,295.87004193362384,-429.40753561212506,-999.9437451833356,-0.0086070569294255,-0.112855194065446,-0.112855194065446,680.6169047412485,-0.0021682073787966,999.9006673437055,-658.8273811136718,576.0964541906562,-190.74041241673424,-4.232189028860451,-0.1880919901090768,-0.0149823129873614,104.61713084277103,-534.6929827856635,658.8273811136718,-0.0073935871616489,Healthy
SRR13077678,-0.0793901198016353,-0.0793901198016353,458.0462900150817,-0.0015252664707228,-631.9578318358965,648.1418318130098,57.30452435395198,-141.28152569312124,-2.9772133822171174,-0.1323168663360472,-0.0105395913127545,319.9159630411016,-273.5931464490699,-648.1418318130098,-0.0052011586651966,-0.0730298029997053,-0.0730298029997053,534.5782412978466,-0.0014030701825074,461.3559638494645,-422.2164415956081,87.4095826061294,-388.0601997952543,-2.7386947813488254,-0.1217163383328448,-0.009695214961155,232.2465928225716,-388.21164221761074,422.2164415956081,-0.0047844693223674,Healthy
SRR13077679,-0.0840131357826036,-0.0840131357826036,434.36526481743056,-0.0016140852215695,-695.8021211861164,715.2225792664615,253.12431216118463,-65.24040732402402,-3.150581366534845,-0.1400218929710111,-0.0111533288810344,308.8947956003775,-396.586558663094,-715.2225792664615,-0.0055040306055459,-0.0998217521546034,-0.0998217521546034,541.9127975970367,-0.0019178050365922,594.738437976523,-549.4955782748101,95.15337079526556,-445.7114815885237,-3.7434211850744967,-0.1663695869243319,-0.0132520328028506,481.3978665530577,-316.81056096246897,549.4955782748101,-0.0065397151747795,Healthy
SRR13077681,-0.0915775563069678,-0.0915775563069682,473.525444750474,-0.0017594151067589,-364.6779552363378,625.0200534444887,11.939719864321024,-191.18820290422548,-3.434255129342307,-0.1526292605116199,-0.0121575583877229,313.1025278418902,-332.51735683663134,-625.0200534444887,-0.0059996055140566,-0.1034172960425173,-0.1034172960425173,500.6646380017976,-0.0019868836895785,652.821991696988,-460.0455308884728,224.8784441768112,-170.44666272761552,-3.878257880197073,-0.1723621600708411,-0.0137293662949828,269.1302133794689,-370.7512378919777,460.0455308884728,-0.0067752733814601,Healthy
SRR13077685,-0.1087630514807633,-0.1087630514807623,440.7304994653962,-0.0020895879247035,-301.8339030395759,563.8932253528452,74.67773481843824,-176.420740113072,-4.07872935786418,-0.181271752467929,-0.0144390525596956,363.2229147450497,-404.8940963990586,-563.8932253528452,-0.0071254948232384,-0.1081777849507422,-0.1081777849507422,482.63298377537126,-0.0020783436109676,335.1113135769005,-210.2795399087785,106.21608134199928,-180.53810305013883,-4.056781244551353,-0.180296308251232,-0.014361354351764,353.7732055462309,-308.0671873494266,210.2795399087785,-0.0070871517134046,Healthy
SRR13077696,-0.1353720517671653,-0.1353720517671653,754.7886810162273,-0.0026008079109942,-476.20538962928913,476.0796818799788,257.2354840529878,-94.7028099632591,-5.076594985703482,-0.2256200862785926,-0.0179715826649596,591.4419736527046,-381.8637688400032,-476.0796818799788,-0.0088687549764797,-0.0612475087218031,-0.0612475087218031,222.23486042647835,-0.0011767052588235,380.8872792068163,-365.370601798863,46.7889301972232,-197.1678053723305,-2.296846295856897,-0.1020791812030178,-0.0081310333384863,225.3589702025638,-341.915486634045,365.370601798863,-0.0040125649325957,Healthy
SRR13077707,-0.1153518103125937,-0.1153518103125937,285.7541828180967,-0.0022161731088014,-1000.0,999.9094724264028,377.7255240006773,-292.2144351148238,-4.32581477624323,-0.1922530171876815,-0.0153137561817402,-7.773703410339863,-461.1437405364057,-999.9094724264028,-0.0075571503009541,-0.0883456120876644,-0.0883456120876644,647.0027550621518,-0.0016973220382017,999.9111180631526,-999.998852655944,57.29131971032488,-702.4388790669171,-3.313053805999971,-0.147242686812774,-0.0117284952838569,343.78280918290653,-95.29723888131942,1000.0,-0.0057878681502264,Healthy
SRR13077712,-0.1003402966778004,-0.1003402966778011,349.3019436484417,-0.0019277674673944,-415.21394150522303,415.1328843253939,82.21119239506527,-157.2647655633665,-3.762867152628317,-0.167233827796331,-0.0133208731996798,449.9022091368414,-251.60569590698012,-415.1328843253939,-0.0065736870638076,-0.1097213338941068,-0.1097213338941082,531.7567703837145,-0.0021079987299532,269.1908115243982,-268.45899571502,136.25901328020555,-94.48309402665105,-4.114665960959224,-0.1828688898235128,-0.0145662712239857,312.47512836892975,-251.03690298838177,268.45899571502,-0.0071882756691439,Healthy
SRR13077724,-0.079881678734054,-0.0798816787340534,459.2459201906085,-0.0015347104463813,-424.1133882241539,557.8634882569962,-157.95258099093817,-296.4052589483028,-2.995647361601453,-0.1331361312234193,-0.0106048491844747,480.246758355948,-263.72947613317774,-557.8634882569962,-0.0052333626221596,-0.0920344261756853,-0.0920344261756859,496.18330541909353,-0.0017681926258517,350.01481919642777,-288.56928108868664,215.201444853203,-308.1985307653838,-3.4513882321826097,-0.1533907102928051,-0.0122182110446448,336.28689999633053,-369.9819085737516,288.5692810886867,-0.0060295368541535,Healthy
SRR13077735,-0.1144526103671175,-0.1144526103671175,404.3095178765365,-0.0021988974133883,-305.0161146271712,424.9201981473586,249.62591189364204,-34.603235224420175,-4.292093828124634,-0.1907543506118683,-0.0151943811265467,386.0054141749482,-434.21611754688905,-424.9201981473587,-0.0074982401796747,-0.1277947659238797,-0.1277947659238797,575.9924524975257,-0.002455230853482,285.3988548873971,-187.05110693470832,133.87990544229436,41.46763519862333,-4.79243875984236,-0.2129912765397959,-0.0169656451975852,415.87255795830464,-389.8441298913793,187.05110693470832,-0.0083723372103861,Healthy
SRR13077755,-0.1016061821334884,-0.1016061821334884,340.7071545146779,-0.0019520880333017,-298.4571429148401,357.75283037034364,88.52515786466347,-134.55887145988865,-3.810339194847741,-0.1693436368891528,-0.0134889283101279,346.7912061206115,-380.2310085307829,-357.75283037034364,-0.0066566201935691,-0.1076065522929522,-0.1076065522929528,586.5570900608001,-0.0020673689201369,141.65876094635163,-100.55373779957186,161.90779818279557,37.72112286895722,-4.035359416276241,-0.1793442538215919,-0.0142855192381213,360.2748362429747,-340.2357868056998,100.55373779957183,-0.0070497280176535,Healthy
SRR13077766,-0.1056807362712474,-0.1056807362712474,421.9106273435248,-0.0020303695729429,-510.7099574344962,551.8700284790685,230.9316415230794,80.58192797175535,-3.963139280498076,-0.1761345604520686,-0.0140298537489776,386.5589763151126,-410.5592779656879,-551.8700284790685,-0.0069235602437109,-0.0942129677739179,-0.0942129677739179,431.3784060786362,-0.001810047411604,492.4972006756864,-404.6586496189016,41.80878880512545,-203.737090202377,-3.533085844129204,-0.1570216129565216,-0.0125074276141742,433.09185583460834,-355.87240543484035,404.6586496189016,-0.0061722616735572,Healthy
SRR13077777,-0.1091059513166499,-0.1091059513166499,481.6817315418727,-0.0020961758177994,-425.2701584221157,592.8565443543524,-35.3092209585805,0.72807588999666,-4.091588464044405,-0.1818432521944108,-0.0144845749010206,456.4363520168972,-399.3965302304001,-592.8565443543525,-0.0071479595387055,-0.1085773466141631,-0.1085773466141631,454.3456339013229,-0.0020860201078524,261.1750994335071,-153.1390291487316,178.5808388804706,-175.9590985247074,-4.071765229137156,-0.1809622443569348,-0.0144143989453226,288.1712301454933,-374.3585454673957,153.1390291487316,-0.0071133285677982,Healthy
SRR13077788,-0.178233645117757,-0.178233645117757,682.0288402688475,-0.0034242775238908,1000.0,-1000.0,439.9731157277829,916.5622304254646,-6.683950027178639,-0.2970560751962239,-0.0236617576899789,693.9282731498649,-325.3214142396205,1000.0,-0.0116767863563609,-0.1931661785177993,-0.1931661785177993,317.9711597311525,-0.0037111657736659,-1000.0,999.7102321763946,-429.4571133546759,-972.640692001666,-7.243935808533934,-0.321943630862961,-0.0256441554957973,-58.113698794271386,-382.8974448709879,-999.7102321763944,-0.0126550752880802,Healthy
SRR13077829,-0.0816019099738127,-0.0816019099738127,291.9494644043025,-0.0015677600379262,99.9831607889545,0.0,673.0295682038306,-485.9795341148307,-3.0601578508196097,-0.1360031832896652,-0.0108332218620262,371.8088313674379,-243.4281187484424,0.0,-0.0053460617293126,-0.074779854541282,-0.074779854541282,477.5188110852504,-0.001436692690504,99.91556687644034,199.92082510913087,-135.99637516804373,-200.3310996502934,-2.8043235633959966,-0.1246330909021253,-0.0099275464914512,529.5641560093578,-241.76835895368123,-199.92082510913087,-0.0048991220746529,Healthy
SRR13077833,-0.1077924886079192,-0.1077924886079192,385.3719358917124,-0.0020709411836282,-308.79105595292344,461.8357109352306,12.054026365612811,-216.17575664934117,-4.042332224562089,-0.1796541476798693,-0.0143102035788786,259.21283730953604,-247.3124480650448,-461.83571093523057,-0.0070619094361744,-0.1132092696893865,-0.1132092696893865,589.8355291548364,-0.0021750099844242,176.48128495894233,-118.11151276092929,-125.4294104660215,-352.9990601193508,-4.245467238901069,-0.1886821161489731,-0.0150293189923827,581.4617283687709,-359.3791395622332,118.11151276092929,-0.0074167840468915,Healthy
SRR13077835,-0.0980328064497745,-0.098032806449777,536.2157035264357,-0.0018834352824159,-637.2818375817329,736.1884045780159,185.7538604824001,-143.68213085760615,-3.676333830806936,-0.1633880107496184,-0.0130145378014983,260.95945920098967,-256.2535937768797,-736.1884045780159,-0.0064225143130368,-0.1047848405161638,-0.1047848405161613,448.0549692755739,-0.002013157358613,518.719882050581,-372.67717027995343,-5.95579193379717,-64.90144430556161,-3.929542243010775,-0.1746414008602697,-0.0139109173480597,356.50201351830555,-323.5144080241734,372.67717027995343,-0.0068648665929001,Healthy
SRR13077844,-0.1449606621298462,-0.1449606621298452,531.8771348058315,-0.0027850271302554,-8.532335501081882,102.452103818099,219.2452802514044,50.16713343832461,-5.436178006361156,-0.241601103549732,-0.0192445374700705,354.6917961116952,-340.3742195774369,-102.452103818099,-0.009496942514166,-0.1256204026096852,-0.1256204026096852,431.52353616287553,-0.002413456342162,35.85633184201676,48.41984330150301,120.40109690427312,-108.71441863063016,-4.710897837961727,-0.2093673376827923,-0.0166769833243573,395.031045158568,-337.16203305285586,-48.419843301503,-0.0082298861267803,Healthy
SRR13077845,-0.1192023392928073,-0.1192023392928073,348.18864071999195,-0.0022901506108079,-414.00401679939336,438.95069112948994,-178.56300966326108,-36.58401951714502,-4.470213681763782,-0.1986705654880046,-0.015824940720707,494.921326803904,-280.9376419483028,-438.95069112948994,-0.0078094135828627,-0.148158776740969,-0.148158776740969,571.2345717898257,-0.0028464702543866,290.93987009090347,-244.51566490567157,99.63767119578124,228.5192945938942,-5.55611068365022,-0.2469312945682759,-0.0196691094578252,236.57578671076325,-487.6249723942879,244.51566490567157,-0.0097064635674617,Healthy
SRR13077847,-0.0887294451853601,-0.0887294451853601,441.4466134101017,-0.0017046963532254,-75.40424490619199,297.83547280300536,298.2528848537102,-16.471086766115892,-3.327447952750285,-0.1478824086422649,-0.0117794518007748,438.7399622617177,-454.56307028363807,-297.83547280300536,-0.0058130145645061,-0.1151541413741877,-0.1151541413741877,549.1125948426605,-0.0022123754346647,-152.98770036026306,386.02914385281775,53.1783797287113,-195.70885347551285,-4.318401982180819,-0.1919235689569766,-0.01528751425351,493.7014152287519,-283.42612763286166,-386.02914385281775,-0.0075442002321994,Healthy
SRR13077849,-0.1192796639240723,-0.1192796639240723,398.302167463663,-0.0022916361945095,-540.9590713541816,553.4662014010886,173.64825240546293,60.71947430597773,-4.473113437143374,-0.1987994398734535,-0.0158352061040421,394.4270382046035,-357.59062779886864,-553.4662014010886,-0.0078144794232679,-0.1118864612105839,-0.1118864612105839,590.5759991634029,-0.0021495957965553,251.58808440098568,-182.5181542743765,-90.12744405946762,-285.6575970300658,-4.195860523165765,-0.1864774353509772,-0.0148537069541859,358.97852742611093,-289.36306437938384,182.5181542743765,-0.0073301216662471,Healthy
SRR13077853,-0.1272824732596767,-0.1272824732596767,524.5620540014656,-0.002445388535247,-484.4595715753504,532.6929757679936,73.37081057721768,82.53974300688388,-4.773227243607291,-0.2121374554327983,-0.016897634778563,343.36635039843725,-422.40195442115686,-532.6929757679936,-0.0083387749051945,-0.0910417725801542,-0.0910417725801542,376.13240478141466,-0.0017491214712846,236.12318101930285,-174.86268672806776,23.39882340571433,-160.7102737238019,-3.414162673436811,-0.151736287633594,-0.012086429366544,454.17778421652486,-386.7040470809431,174.8626867280678,-0.0059645042170649,Healthy
SRR13077855,-0.132612840288841,-0.132612840288841,513.8517576709262,-0.0025477971237108,-461.0537619357892,524.5523104500368,144.18438497166255,83.08082714117248,-4.97312163967355,-0.2210214004814105,-0.0176052781247979,334.49129464223785,-384.5841526219182,-524.5523104500367,-0.0086879881918254,-0.0972913171663227,-0.0972913171663217,453.2681517087898,-0.0018691895709215,297.3996475461121,-275.0407391063291,113.18546913687986,-98.95799032167662,-3.6485271991637744,-0.1621521952772222,-0.0129160999350337,311.35930129372804,-240.97971251055205,275.0407391063292,-0.0063739364368264,Healthy
SRR13077856,-0.122975813709292,-0.122975813709292,541.9518457838068,-0.0023626477177479,-117.13919548190223,252.8776507107773,246.23640405126105,-191.89298321666607,-4.611722959722637,-0.2049596895154702,-0.016325895729702,439.93957549750377,-404.84638819256975,-252.8776507107773,-0.0080566287175501,-0.1034237253211172,-0.1034237253211172,430.7774147110466,-0.0019870072107695,276.83886185119934,-172.0780481951032,-10.439012048889117,-27.03427451597316,-3.878498984937867,-0.1723728755351699,-0.0137302198264892,384.0435099899592,-357.79788084386934,172.0780481951032,-0.0067756945887574,Healthy
SRR13077857,-0.1026043467681596,-0.1026043467681596,573.5665483734591,-0.0019712650675973,-504.92316505321776,587.9230756151449,-181.95334252555983,-103.22758559136136,-3.847771423384757,-0.1710072446135989,-0.0136214416170698,442.0531878217152,-283.17381441132073,-587.9230756151449,-0.0067220138804886,-0.0822305786109649,-0.0822305786109649,384.2701214102995,-0.0015798382057777,424.328538527607,-371.5090357268324,70.63981068825903,-109.5355520959858,-3.083733589012465,-0.1370509643516075,-0.0109166820019625,220.9762669690362,-301.68049679312463,371.5090357268324,-0.0053872482817151,Healthy
SRR13077859,-0.1083189368933021,-0.1083189368933021,385.52255655020326,-0.0020810554638425,-459.1801252681773,612.169405973144,191.26912583207505,81.26489161741651,-4.062074591549684,-0.1805315614888604,-0.0143800932551967,321.84859664176133,-418.9465913773446,-612.169405973144,-0.0070963991317209,-0.1117691907872033,-0.1117691907872041,450.10235342339865,-0.0021473427624833,294.3125563635263,-227.8045592136565,281.3158498529745,-182.0390365985468,-4.191462758372179,-0.1862819846453509,-0.0148381384887513,375.8941390893485,-336.6598331444866,227.8045592136565,-0.0073224388200659,Healthy
SRR13077860,-0.0912896705577601,-0.0912896705577601,476.41570086989947,-0.0017538841605659,-597.6249665011507,609.4120314569095,164.0748695238103,12.828589757568588,-3.423459109544909,-0.1521494509295992,-0.0121193395495501,366.6171429437077,-354.8709989402166,-609.4120314569095,-0.0059807449875546,-0.1111133381726207,-0.1111133381726207,394.2245845603229,-0.0021347423280022,457.7482005502927,-403.0345289589332,-5.227152760179039,45.58267299353588,-4.166867592301192,-0.1851888969543528,-0.0147510694865064,364.9845560417359,-344.9192832208688,403.0345289589332,-0.0072794713385027,Healthy
SRR13077861,-0.1010757207819963,-0.1010757207819963,406.9340178390213,-0.0019418966528736,-419.4056455086808,597.8104824887254,188.92317440385688,-140.59476034091608,-3.7904463336409626,-0.1684595346366694,-0.0134185058713452,390.8270831115108,-423.0025091809711,-597.8104824887254,-0.0066218675863016,-0.1104510705421529,-0.1104510705421529,533.0979512425423,-0.0021220186463424,260.4003312669134,-250.09076915049027,107.42511525295711,-123.94492920779308,-4.142031856356331,-0.1840851175702524,-0.0146631488462264,333.25695002166634,-400.3954296565021,250.09076915049027,-0.0072360835840319,Healthy
SRR13077862,-0.0908905875034684,-0.0908905875034684,371.67819608906575,-0.0017462168588685,-443.2134160713127,444.3771109258855,65.88458812470898,-329.1250388153658,-3.408493073307164,-0.1514843125057849,-0.0120663584946947,228.59528680255136,-340.9816977434325,-444.3771109258855,-0.0059545994887028,-0.1284568815721842,-0.1284568815721842,473.8404639596543,-0.0024679516152269,289.75459732727404,-263.1979941446168,348.5249119774341,18.6405614756069,-4.81726879629572,-0.2140948026203078,-0.0170535456611636,258.95448755846843,-500.0192594098873,263.1979941446168,-0.0084157150078757,Healthy
SRR13077867,-0.1440428105444198,-0.1440428105444198,657.0225312345398,-0.0027673930940181,-333.3333333333333,333.2917507074945,-269.98600737895896,-173.92190665842477,-5.401757602035389,-0.2400713509073474,-0.0191226862797482,22.80465249609965,-285.8114363958585,-333.2917507074945,-0.0094368104506467,-0.069863506486134,-0.0698635064861529,342.9774687654603,-0.001342238357059,0.0,-0.0420517428410676,-10.388618583831107,-113.20437166831864,-2.619955316340414,-0.1164391774768963,-0.0092748670474331,332.30459972164005,-268.074581984679,0.0420517428410486,-0.0045770327976507,Healthy
SRR13077889,-0.1520190120752431,-0.1520190120752431,673.546231406695,-0.0029206342377621,-400.0,399.847498917901,-168.35905423311354,94.34106230266184,-5.700873587704415,-0.2533650201253901,-0.0201815825829061,616.8627059529105,-438.45229660189045,-399.847498917901,-0.0099593627507424,-0.0814291916073216,-0.0814291916073216,216.4056525417712,-0.0015644417215753,200.0,-200.0286945138026,123.96198052856182,252.89735927414944,-3.0536807295687445,-0.1357153193454981,-0.0108102922959915,89.65217567876267,-414.4720854256505,200.0286945138026,-0.0053347462705232,Healthy
SRR13077900,-0.0485508718537251,-0.0485508718537251,522.1933807556437,-0.0009327737147562,-333.3333333333333,333.2784827329225,674.9952081457145,190.24071075618036,-1.82070899706874,-0.0809181197561959,-0.0064454663690488,-24.080537958966715,-500.6732748693072,-333.2784827329225,-0.0031807583673829,-0.0985773090678776,-0.0985773090678776,477.80661924435634,-0.0018938964277973,0.0,0.0,-292.0459903184281,554.5969946660192,-3.696753254349005,-0.1642955151131294,-0.0130868243162088,714.6859837013295,-474.7940096930696,0.0,-0.0064581868188421,Healthy
SRR13077911,-0.1151887690055954,-0.1151887690055954,416.98308765799374,-0.0022130407109627,-372.0376121015725,403.4848881061236,-202.63300522064168,23.90947459826023,-4.319700554949024,-0.1919812816759986,-0.0152921113127452,341.4863533542532,-387.45444858764336,-403.4848881061236,-0.0075464688243831,-0.0953170792348752,-0.0953170792348752,471.6843057287051,-0.0018312599276658,266.92053378185886,-239.8585577175912,-41.71190902767284,82.50404125748342,-3.574491190603988,-0.1588617987247939,-0.0126540061001497,274.0727510599883,-400.0565157393929,239.8585577175912,-0.0062445963533296,Healthy
SRR13077923,-0.0966393668975492,-0.0966393668975492,471.5617049436828,-0.0018566641094588,-613.849345910474,741.9572643180089,93.41714118076052,106.69160973275586,-3.624078375184344,-0.1610656114959223,-0.0128295489963929,275.9700175620287,-332.7756249411521,-741.9572643180089,-0.0063312246132634,-0.0992653743566949,-0.0992653743566949,516.4527338583698,-0.0019071157417161,570.7781249263979,-438.79848466383794,-54.82435155008831,-235.86882183777283,-3.722556429741742,-0.1654422905944868,-0.0131781697753102,389.75611449116826,-300.1928477370492,438.79848466383794,-0.0065032646792737,Healthy
SRR13077925,-0.1372091018290575,-0.1372091018290575,342.8455071344907,-0.0026361018602756,333.3333333333333,-333.3333333333333,-461.8874793194148,459.9180005477363,-5.145486304192976,-0.2286818363818004,-0.0182154638547065,135.46799904997002,-324.0671244757869,333.3333333333333,-0.0089891073436092,-0.1356029685195684,-0.1356029685195684,368.0491393338757,-0.0026052443519499,-333.55250756905406,666.5810838246213,758.6782624790143,-60.011804255515926,-5.085254607923048,-0.2260049475326392,-0.0180022384720359,95.72383434259608,-463.6373124680055,-666.5810838246213,-0.0088838832401734,Healthy
